image_name,shoulder_line_angle_deg,head_tilt_deg,head_to_shoulder_distance_px,head_to_shoulder_distance_ratio,shoulder_width_px,label
"176.jpg",-1.6840622567145977,2.7756835730490237,391.48337119217456,0.6087642922575505,643.0787353515625,good
"188.jpg",-1.1745665518683848,-3.5113839127261848,363.1229322947142,0.5825170383871614,623.3687744140625,good
"189.jpg",3.553036637320174,7.718200109543,365.0012459918091,0.6274680010762955,581.7049560546875,good
"200.jpg",0.2562829126890887,-0.21891056803447972,382.66694236392175,0.5748206310827336,665.7153930664062,good
"201.jpg",1.9868601338331813,1.7249747922016008,349.17515099393705,0.550158638868659,634.6808471679688,good
"202.jpg",0.8384374747453972,-0.18035595853488648,335.61877497873405,0.539907332221032,621.6229248046875,good
"203.jpg",3.593545353992013,3.73286339820608,351.7949541557914,0.6054211497195618,581.0747680664062,good
"206.jpg",1.1715276406796937,3.662421560671769,352.2506807593747,0.5741310107846721,613.537109375,good
"212.jpg",0.8424600098984064,1.449498086470652,340.9658918427865,0.5454964175046982,625.05615234375,good
"213.jpg",2.6065423838310497,5.218618260698229,215.56006722587006,0.6423413785560634,335.58489990234375,good
"214.jpg",-0.7685646048755351,1.3565485374006943,390.76557465345934,0.5295313625467415,737.946044921875,good
"215.jpg",-2.1374373886584195,0.588334353714071,379.2237449251658,0.5408618459176109,701.1471557617188,good
"216.jpg",-0.1589696732368123,0.8646021952018973,385.0869982206663,0.5989636796683877,642.922119140625,good
"217.jpg",-1.6481156387224152,0.6283972964566689,408.28412442721304,0.618554992908137,660.0611572265625,good
"222.jpg",-0.7307514975992362,2.1326630519656637,400.1849859723151,0.6269437291980712,638.3108520507812,good
"223.jpg",-1.1927532222485697,2.0426820668308716,380.1767003663047,0.5893421613463643,645.0865478515625,good
"224.jpg",2.4743865940418903,-0.7597304786698704,185.12699913626045,0.5926304856384155,312.3818359375,good
"225.jpg",-1.6873779751351847,10.482859924845176,354.4117670989452,0.6232847078279393,568.619384765625,good
"226.jpg",-0.5348418654358671,-0.24064607042514627,380.04797727387387,0.564583899582481,673.1470336914062,good
"227.jpg",0.7848698275096446,-0.8701605014959038,363.3902620519563,0.5246025361628159,692.6963500976562,good
"228.jpg",2.916388799163897,3.436927891645786,386.1510939268818,0.5705250543271724,676.8345947265625,good
"229.jpg",0.5326601549206702,6.4182539968679535,388.1123662240017,0.5983859255081749,648.5987548828125,good
"230.jpg",-0.48146590002721884,6.373602235683951,370.52848008387656,0.5938144599307379,623.980224609375,good
"231.jpg",2.7834463055891048,6.677280893567818,362.9809430682632,0.5742182062898232,632.1306762695312,good
"232.jpg",1.4105794312395763,6.4029102409542205,395.0926901420571,0.6222027218334995,634.9902954101562,good
"233.jpg",0.11479150902413934,2.8854383901304255,351.7563717207111,0.5367948316401138,655.2901611328125,good
"234.jpg",-0.944804818325147,-1.0470957820149502,173.72489577321156,0.568255698580892,305.716064453125,good
"235.jpg",6.88276058517202,8.320981384105565,138.94634078631978,0.5935463826095657,234.0951690673828,good
"236.jpg",1.8251245655374246,-0.23980011377621835,430.7358952675364,0.5883806454769334,732.0701293945312,good
"237.jpg",0.6139559828999412,1.8879959085646045,406.65854364926224,0.5904255893649307,688.7549438476562,good
"238.jpg",0.3124634605200971,2.1103340110162656,378.8459333073426,0.5608462112644579,675.4898681640625,good
"239.jpg",-0.4811840008722683,-0.9181786467693247,370.72088570432607,0.5674586776237497,653.3002319335938,good
"240.jpg",-2.6838672396156134,-1.9940418301529732,363.94145114798346,0.5381034366769653,676.341064453125,good
"241.jpg",1.2720152659015562,1.4302265251264734,408.4778683094028,0.5895189926270948,692.9002685546875,good
"242.jpg",-0.09099735591349353,4.545879519523682,441.05453924477894,0.6547655571464376,673.6068115234375,good
"243.jpg",0.32574225509661053,4.1099932601688405,411.852137291637,0.649040016146315,634.5558471679688,good
"244.jpg",-0.177830018172938,0.7927018603261501,371.07551993155926,0.5708736221418453,650.013427734375,good
"245.jpg",-2.5723510781846075,-3.175036146158962,400.1851646018888,0.6002842135876293,666.6594848632812,good
"246.jpg",-1.1934149107602976,0.6899252319085893,409.46037668099746,0.601822963537831,680.3668212890625,good
"247.jpg",-1.0836966471745433,-8.12291194696236,406.6857457229091,0.6437881641999563,631.7073974609375,good
"248.jpg",-0.9914522493291053,-0.8218956300619357,408.8205702208132,0.6129537279667231,666.9680786132812,good
"249.jpg",-1.9086302370989292,-4.088952159869345,441.6263567837046,0.6909132448520501,639.1921997070312,good
"250.jpg",0.8625893603938265,0.36067595709347683,286.8162429144692,0.6840905651743467,419.2664794921875,good
"251.jpg",-0.612971692586976,2.754062239402107,413.86743159934923,0.74828964902907,553.0845336914062,good
"252.jpg",0.34946649506477434,4.926897098359793,482.5513109504624,0.6064951740883361,795.63916015625,good
"253.jpg",3.657360739632808,3.441721999398611,451.55004440112066,0.6090560504813219,741.3932495117188,good
"254.jpg",0.8646427627895946,2.4953556672410397,410.7598654415152,0.5743369934811926,715.1896362304688,good
"255.jpg",3.2508143279366117,3.9763934001666104,427.9101491673057,0.5969527965778153,716.8240966796875,good
"256.jpg",0.7061098237365844,2.2698568869687548,373.00662452464127,0.5182695777878968,719.7154541015625,good
"257.jpg",-0.14215623466207455,3.3354645138138053,402.41804015360634,0.5436663733243569,740.1929931640625,good
"258.jpg",1.648693343396176,3.042125988069964,412.20128076350335,0.5670126601539038,726.9701538085938,good
"259.jpg",0.5013578851087342,0.6844191500507394,408.8503315610284,0.6149154156538771,664.8887329101562,good
"260.jpg",1.710951864483169,5.391153398929617,386.1723035511246,0.572892906709663,674.0741577148438,good
"261.jpg",-1.7430185850382862,0.8812020664476787,341.60041150767773,0.6683931647996079,511.0770568847656,good
"262.jpg",-2.9733945782387416,3.139078301046967,433.7322130132222,0.6549960760718526,662.1905517578125,good
"263.jpg",-0.6322531460886148,6.86635194533751,423.81468758418407,0.628711745754388,674.1001586914062,good
"264.jpg",-0.6921883384922439,4.559816923978471,400.43893869860364,0.6054400876857475,661.4014282226562,good
"265.jpg",,,,,,good
"266.jpg",-0.5377747347171831,2.8691302481279686,361.09671349850026,0.6136205002966795,588.4691162109375,good
"267.jpg",1.0183425183663506,-2.609023978222365,311.89156781836414,0.5863122571019737,531.9547119140625,good
"268.jpg",0.3114481121577885,2.8335244556778623,356.5657227388979,0.6110843818525402,583.4967041015625,good
"269.jpg",-5.5079096857397,17.188810132833083,323.05696377746415,0.5296748762170791,609.9155883789062,good
"270.jpg",-2.606798882307428,8.584234838795277,358.6208305173939,0.5861059612563041,611.8703002929688,good
"271.jpg",-2.234438110688192,3.3101299389005265,341.58734581986806,0.5514227525654145,619.4654541015625,good
"272.jpg",-1.5527124238066832,1.645846693030379,316.7808951033747,0.559432781023003,566.2537231445312,good
"273.jpg",2.730052731959269,7.1449007603760695,328.1231013741077,0.5629239053483819,582.8906860351562,good
"274.jpg",-5.7523919879352725,-0.9380906120104378,266.51753458704616,0.5757400535093065,462.9129638671875,good
"275.jpg",-0.1379914782798488,4.999616029898898,344.03968118221303,0.5670422206934139,606.7267456054688,good
"276.jpg",-3.820156972987523,-0.02342525123196544,116.37277381400604,0.5579865226655926,208.5583953857422,good
"277.jpg",-2.9306444493488097,0.3180318117129574,216.4418315811815,0.8555036840430567,252.99929809570312,good
"278.jpg",-2.1648579145049367,2.7958713045556562,112.25432450909149,0.6101145830747465,183.98892211914062,good
"279.jpg",-7.9254078596003845,-12.870107513350144,67.29525361973283,0.47255530001707,142.4071502685547,good
"280.jpg",1.526090027841167,3.1764611643420784,313.5742995279642,0.5509952922031188,569.105224609375,good
"281.jpg",-0.8017796268394815,-1.5591286379079108,311.9720812221237,0.6139639505892346,508.127685546875,good
"282.jpg",-2.0982274200848448,-2.92900677297777,356.43731232058724,0.5913535013429799,602.748291015625,good
"283.jpg",-1.120677138783868,-1.9512243430629022,299.5600096819206,0.5758147063701771,520.23681640625,good
"284.jpg",1.5731558378483237,3.0195829572225343,353.91794596553524,0.5685434982780546,622.4993286132812,good
"285.jpg",1.2179438190307705,-0.7645221428127416,372.271427170343,0.6081136182005812,612.1741333007812,good
"286.jpg",0.40700002061123336,6.538617763382356,427.02443347533597,0.6358360274718237,671.59521484375,good
"287.jpg",2.3654539811906434,1.8073565843523034,347.285078026381,0.5448881453518247,637.3511352539062,good
"288.jpg",2.301619141090035,4.663324029333322,257.81216304272255,0.9266547586311217,278.2181396484375,good
"289.jpg",-0.7722534955500957,-6.823801758915959,320.4965687049786,0.6022667667492819,532.1505126953125,good
"290.jpg",-1.8217464558788918,-1.5652481379805718,326.908451730489,0.5532073766056296,590.9329223632812,good
"291.jpg",-1.2520983748318162,1.0870090372060712,397.6028111700997,0.565129977603343,703.5599365234375,good
"292.jpg",-2.2428469396876722,-1.108275689085009,346.0791963759093,0.5567485430367517,621.6077270507812,good
"293.jpg",0.388974971826455,0.5516510610027295,371.71497252442913,0.595067000712618,624.6607055664062,good
"294.jpg",0.6442434044112277,-0.47016037193859045,345.2041200578021,0.5607464964427311,615.6152954101562,good
"295.jpg",1.772798342687309,3.5435956135070223,220.84266545922048,0.6580550176106488,335.5990905761719,good
"296.jpg",2.439798738631075,3.090896968549359,366.7073652159612,0.5999093437796892,611.2713012695312,good
"297.jpg",-2.2044400052273287,-1.9816371174229126,382.6072242370833,0.5492576366394011,696.5897216796875,good
"298.jpg",-0.2500201207299611,3.743562945357473,374.90577518906764,0.6118703414044364,612.720947265625,good
"299.jpg",2.7618673407632146,3.02074684351554,202.03986833157373,0.6270118946710305,322.2265319824219,good
"300.jpg",1.69057029155476,1.035073286722485,412.94079560470374,0.5655796855421501,730.1195678710938,good
"301.jpg",3.5800540027275023,5.1775032244048615,375.5353200502863,0.5719410386758185,656.5979614257812,good
"302.jpg",2.733773172661811,3.5762546934048354,377.6688964705587,0.5346082245147369,706.4404907226562,good
"303.jpg",0.26405367523805057,4.6252603298505095,347.5595065891873,0.5068509754841609,685.7232666015625,good
"304.jpg",-0.5313847594986018,0.9807257532958363,375.5290055851055,0.5457929557326147,688.04296875,good
"305.jpg",0.8623235240385554,3.2987338706045066,363.5761400661247,0.5701063525678182,637.73388671875,good
"306.jpg",-1.0145945982601263,2.0449542712517883,404.9972723802738,0.5842148882225086,693.2333984375,good
"307.jpg",-0.4613746056624667,-0.5748802474213688,406.9049888331315,0.5925572044324768,686.6931762695312,good
"308.jpg",0.39556634125315504,1.621333171565909,448.49413435492437,0.6689689824538972,670.4259033203125,good
"309.jpg",0.27542097498889734,3.8832783861706597,134.78870664024936,0.6309256232627255,213.63644409179688,good
"310.jpg",2.1374744951833637,6.213704841125233,423.4011019844363,0.5441722729831674,778.064453125,good
"311.jpg",-4.077878172664852,2.4717666050057443,441.5724516957636,0.6296474656074774,701.3010864257812,good
"312.jpg",-0.23072185318452654,-3.583271011726746,346.9153530803621,0.6045438199007469,573.8464965820312,good
"313.jpg",3.4030468024917564,1.2600786280487148,461.91421925634313,0.6065742566939891,761.5130615234375,good
"314.jpg",0.19616164362863006,-1.2718570654172825,395.7178664867502,0.5496780430758607,719.908447265625,good
"315.jpg",-0.46656337985774704,4.630605215601175,419.17771668050085,0.6062331757500757,691.4463500976562,good
"316.jpg",0.8088160757988261,7.068872794835636,388.47172010113354,0.6273233085465165,619.2528076171875,good
"317.jpg",2.9649891813003344,6.816617429443812,346.3586428127242,0.6034374225165391,573.97607421875,good
"318.jpg",1.3117451614474231,6.600565731446652,398.86228721188354,0.5492188617189908,726.235595703125,good
"319.jpg",0.2763646976459989,1.0254854342309963,309.8723934672022,0.5678609943121213,545.6835327148438,good
"320.jpg",1.8941101437567796,3.7560136782377724,396.6194673748567,0.5655471226336792,701.30224609375,good
"321.jpg",1.264405841014538,0.3339981329266884,149.8632509841912,0.6155171217181089,243.47535705566406,good
"322.jpg",2.8201145677489015,-4.607094213386252,211.4184861107917,0.6192362762770801,341.4181213378906,good
"323.jpg",-4.841465908714739,-2.8430383865000852,353.5143432461989,0.5067608458759626,697.5960083007812,good
"324.jpg",1.4815700061335109,2.979333001844622,211.3334336061386,0.637076926652616,331.72357177734375,good
"325.jpg",3.764360978293099,7.1974955300576955,440.00599813080976,0.560169676142737,785.4869995117188,good
"326.jpg",1.3560964739669963,5.872186575775079,387.4393966776243,0.5568664096856115,695.749267578125,good
"327.jpg",2.704009320536316,2.956177554427314,301.6013757571418,0.563119144426891,535.5906982421875,good
"328.jpg",1.8662435640607455,1.452092999824859,397.5625831591896,0.5465029492019097,727.4664916992188,good
"329.jpg",1.5410798796439862,0.6774344739870028,419.04711454171894,0.6208137397853996,674.9965209960938,good
"330.jpg",2.400944050472052,3.07998699694366,376.0905186055501,0.5827563073555734,645.364990234375,good
"331.jpg",2.3796661885744284,1.6662201120589712,343.8983520367475,0.5703423776509754,602.96826171875,good
"332.jpg",-0.25261377312872924,5.146468522710343,346.68649334496774,0.49711577922716044,697.3958740234375,good
"333.jpg",-0.07566437040905354,6.204204901958167,372.7459213997702,0.5561264945526571,670.2538452148438,good
"334.jpg",-1.8326715342653006,-0.445711135064041,390.95954866591563,0.5627934780732068,694.6767578125,good
"335.jpg",-1.3567232268690408,0.47039375293210267,388.56401913024763,0.594986102024699,653.0640258789062,good
"336.jpg",0.0623071115567682,4.288828454914488,424.5960219757852,0.6887319583392834,616.489501953125,good
"337.jpg",0.2727244064926541,6.484957327130003,382.8352112527216,0.6269107150160786,610.66943359375,good
"338.jpg",1.316206532345383,2.438745312633736,343.5508149086834,0.5363619797575451,640.5204467773438,good
"339.jpg",0.8028338004667409,1.7895966195982296,359.2313983645599,0.5856653283061823,613.3731689453125,good
"340.jpg",-0.751652834761865,-10.824683072366037,176.18568765259948,0.6350341133582957,277.44287109375,good
"341.jpg",0.5217129864815061,4.389457147748448,342.6596283345092,0.5480329275149335,625.2537231445312,good
"342.jpg",-0.7646904774919935,-3.301829641269857,354.0353638022446,0.5196304681128407,681.3214111328125,good
"343.jpg",-2.8666321686475635,-2.914971133000131,367.81987841547334,0.5687657472856054,646.6983642578125,good
"344.jpg",-1.7848980420156937,1.724669518522883,384.68000019992877,0.6087457840742805,631.9222412109375,good
"345.jpg",3.7551887874777097,-4.326008856106648,120.76744632295211,0.6431389633835832,187.7781524658203,good
"346.jpg",2.8844926162844584,5.348809211205886,436.2337218066727,0.629895756526776,692.549072265625,good
"347.jpg",-1.2181761925722883,1.9674017657309666,392.5632704814548,0.605644992873906,648.1738891601562,good
"348.jpg",-4.307305845783952,2.1723724223370957,310.20870485773133,0.5432489959448205,571.02490234375,good
"349.jpg",1.4139420748014908,11.420727156879241,312.1883783761857,0.4916876058438713,634.932373046875,good
"350.jpg",-1.377543776807382,4.102792379032295,373.1460061269765,0.5715241004097373,652.8963623046875,good
"351.jpg",-0.4408628988537428,2.1645183047622156,349.3020624866815,0.5536900763756221,630.862060546875,good
"352.jpg",-0.6340280490003372,1.6673933140004313,351.123352821078,0.5824735250705023,602.8142700195312,good
"353.jpg",-0.8459678584012309,4.3124657869281515,367.6727940625985,0.5782305615113225,635.8584594726562,good
"354.jpg",-0.7227900479247832,0.9885123016036236,371.44561665978165,0.5899190117664465,629.6552734375,good
"355.jpg",-0.3832039256353949,2.191083258543582,371.00519515269485,0.6002815199696304,618.052001953125,good
"1.jpg",3.41989735593943,30.67941686469449,355.6378146227099,0.567699935772303,626.453857421875,bad
"10.jpg",5.612749688445858,4.84927763043554,91.11232668277312,0.385955838353071,236.06930541992188,bad
"100.jpg",-1.9750695119318527,-0.6172392553756,353.37491061986003,0.5533593730782088,638.5993041992188,bad
"101.jpg",-1.233454389509167,-0.10715361099108585,233.68297460015108,0.48839669731615454,478.4696044921875,bad
"102.jpg",-0.7269434200801355,3.1696758472590245,339.17165475448246,0.549287609105031,617.4755249023438,bad
"103.jpg",-1.7445781589740719,-1.046845983362277,227.22348273751481,0.6118053671692875,371.3983154296875,bad
"104.jpg",5.036072003862886,2.8698358878726897,420.17451637081723,0.7474659014908375,562.1320190429688,bad
"105.jpg",-5.99892877476323,-8.570207922555008,268.5466739750128,0.5370273667434061,500.0614318847656,bad
"106.jpg",1.4219861619571048,2.899076929065836,242.24017541325497,0.5393000494369691,449.1751403808594,bad
"107.jpg",10.622650361804613,11.304914014851347,462.5154453936503,0.7165747344664253,645.4531860351562,bad
"108.jpg",1.7822991545633953,8.329213621263865,292.63683490727846,0.5165753862382355,566.4939575195312,bad
"109.jpg",-2.2423226195703414,-2.8694245129698173,420.51267033860375,0.5633673032763322,746.4271850585938,bad
"11.jpg",0.8341943283151523,-0.6758557920489817,448.98625677033203,0.5509025986579564,815.0011596679688,bad
"110.jpg",-0.4820665383536921,-4.862472468763565,370.0598462292645,0.571984413332233,646.9754028320312,bad
"111.jpg",-2.7510111158542205,-1.4886376546971012,283.2963646538191,0.4942858108803541,573.142822265625,bad
"112.jpg",0.2852182445948618,-2.06108260222642,397.8621223368936,0.5643259453678405,705.0218505859375,bad
"113.jpg",-3.1949170482150695,1.8368642395114294,377.482306451109,0.5818206858959303,648.794921875,bad
"114.jpg",-7.095892962381204,-6.348205356508096,114.35795299304644,0.6085999587599568,187.9033203125,bad
"115.jpg",,,,,,bad
"116.jpg",1.0748217734777237,3.765842354082867,340.7402035797461,0.555346018981757,613.5637817382812,bad
"117.jpg",0.6953232713659165,2.7330014147115937,337.823696174803,0.5497296433228258,614.5269775390625,bad
"118.jpg",-1.428761364814794,8.571202195433024,366.8488459441752,0.5326114959188157,688.7738037109375,bad
"119.jpg",1.0311584839615895,-24.96560209781112,194.36764286630054,0.7500400008812164,259.1430358886719,bad
"12.jpg",3.085123555632085,10.83262072479353,251.55091203575938,0.6653761079958724,378.0582275390625,bad
"120.jpg",-3.7072154021630204,-0.3660229831835149,305.69883219167747,0.5521975322211012,553.6041259765625,bad
"121.jpg",4.163261767159342,7.121172912733763,231.68512572861454,0.6458087910811426,358.75189208984375,bad
"122.jpg",-1.5524045369165034,2.578341736039116,232.57244367052974,0.6517848578308914,356.8239440917969,bad
"123.jpg",-0.15038641320938195,2.5630834287199704,388.39021985004854,0.525457797883267,739.1463623046875,bad
"124.jpg",0.2273630109905622,4.259582979241697,377.80449044459795,0.5298680961163251,713.01611328125,bad
"125.jpg",-1.9377778111626702,-3.268354334355742,324.11178568492903,0.5336057473053288,607.3993530273438,bad
"126.jpg",1.2863433975986378,4.81250754933493,374.4555258959322,0.5601627396688476,668.476318359375,bad
"127.jpg",-2.3108825069228236,8.195758244609483,356.55281712858744,0.7158848000719071,498.0589294433594,bad
"128.jpg",-1.89422699352848,-1.8148588820935159,262.09289007502093,0.4771292036560217,549.3121948242188,bad
"129.jpg",0.9881797941182766,4.14085459085882,349.0981775157554,0.5093588852731061,685.3677978515625,bad
"130.jpg",-10.901741460758167,-20.70632189731598,171.4749919329681,0.36115521330415445,474.79583740234375,bad
"131.jpg",1.18212636933547,1.2479068702968723,200.0376247127684,0.5569385768678093,359.173583984375,bad
"132.jpg",-7.164610349611545,-2.499354862776224,370.5230346057884,0.6269475792581697,590.9952392578125,bad
"133.jpg",-1.5926249162670032,0.7011238368946516,349.9389644306996,0.5837807427735402,599.4356079101562,bad
"134.jpg",1.700295048375993,8.117835336583012,360.93937948943227,0.5818019783638457,620.3818359375,bad
"135.jpg",-1.7181856689842345,-3.6396683315131657,302.5630672552426,0.5831437780867295,518.84814453125,bad
"136.jpg",-3.9058404833787383,-6.864641306513871,345.60219984511184,0.5889056875908474,586.8549194335938,bad
"137.jpg",0.27241676230781003,17.851540147200847,279.4577615023474,0.7244138433462163,385.7708740234375,bad
"138.jpg",1.6248327533787665,5.055313109975422,364.7595105082,0.5529522846532099,659.658203125,bad
"139.jpg",0.33143071882342556,9.370090572450335,295.5485339967598,0.6161643595820407,479.6585998535156,bad
"14.jpg",1.1242476248259183,5.932444689632589,291.7202434138278,0.6249240547619214,466.8091125488281,bad
"140.jpg",-2.482725311866236,0.2940831476277727,244.12006974626203,0.501338589315319,486.9365234375,bad
"141.jpg",1.1280292668319483,-0.988142477763853,317.72235022210884,0.5927478945251767,536.0159912109375,bad
"142.jpg",3.331592919595825,-10.172359130379375,304.75405828572156,0.5445252852820484,559.6692504882812,bad
"143.jpg",2.1127130941212555,-0.8520780682196133,303.9134154227104,0.53455547157484,568.5348510742188,bad
"144.jpg",0.47529111786067335,0.5222538823451837,331.9806526571563,0.5472419794077727,606.6432495117188,bad
"145.jpg",-0.24791380006698086,2.122658328132641,295.7979318819757,0.4887011787926301,605.2736206054688,bad
"146.jpg",-0.2683386529078434,0.7674273208937493,209.36032389797833,0.7067010056720887,296.2502136230469,bad
"147.jpg",-4.758469819136077,-3.8407605256023523,144.3509505183185,0.31896320406702283,452.5630187988281,bad
"148.jpg",0.8892805111284398,2.2737155619291656,398.76056370417643,0.5556438891294146,717.6549072265625,bad
"149.jpg",1.780752430901301,-19.64840960444078,496.696691073977,1.0444593079687785,475.55389404296875,bad
"15.jpg",0.9173400558789403,-4.320674927901286,378.7227431086836,0.8542635122937215,443.33245849609375,bad
"150.jpg",0.8255346332880839,1.0484645889335111,334.55914702255984,0.5983056897497241,559.1776123046875,bad
"151.jpg",-0.9075773008300886,4.114328959575033,398.2814291783485,0.5787627500458378,688.1600952148438,bad
"152.jpg",0.8112661352807372,30.604586909835977,306.4737618471858,0.4875201659737398,628.6381225585938,bad
"153.jpg",2.2612391976025887,17.242577035609788,318.82410227501293,0.5251166964737791,607.1490478515625,bad
"154.jpg",0.3114982629281333,12.706167260068785,352.62699227936093,0.5475253204280977,644.0377807617188,bad
"155.jpg",-0.017888481908341233,1.1565978250430957,241.3104545947992,0.47696075558431195,505.9335632324219,bad
"156.jpg",1.8162280167555136,2.572273981389942,337.9001334596703,0.5163535447291951,654.3968505859375,bad
"157.jpg",-7.403454224060258,-10.62174858632522,69.2369802732905,0.6226572026542423,111.19598388671875,bad
"158.jpg",-1.1392413090417608,-3.701923311484625,134.9226324650158,0.46092021103987507,292.7244873046875,bad
"159.jpg",2.9988560946500797,12.4612129063776,330.7942873583852,0.5323333883123684,621.4043579101562,bad
"160.jpg",3.4677089656322706,1.3408651940984408,348.88428945133586,0.6053185155236352,576.3648071289062,bad
"161.jpg",-0.41463078360862893,-0.8958620061234436,370.53720353291106,0.5091155383302223,727.8057250976562,bad
"162.jpg",-1.0829619472443088,1.1385925310004459,375.5981153003216,0.5455583570162312,688.4655151367188,bad
"163.jpg",-7.782233019076787,-14.723593733879138,143.09153806568472,0.338508483666503,422.7118225097656,bad
"164.jpg",-5.768299924548425,-7.447654286285096,202.56611057258573,0.530225293392479,382.0378112792969,bad
"165.jpg",0.790200874614372,9.695187833150232,198.22115555766035,0.47617950509417417,416.2740173339844,bad
"166.jpg",-0.2442597164469033,3.7585787383842812,326.05848795419996,0.6041225649308853,539.722412109375,bad
"167.jpg",1.6974656823785423,11.473261575562947,250.4752800157748,0.5225865157375859,479.2991638183594,bad
"17.jpg",1.4926668473178015,8.764793564803991,343.89006558957675,0.5506778764200057,624.4849853515625,bad
"18.jpg",2.4798104784316797,9.818787986649202,323.5388577127858,0.538038980052478,601.3297729492188,bad
"19.jpg",-3.972417029225097,-5.878817167964456,284.9253869941745,0.4989569784574093,571.0419921875,bad
"20.jpg",-1.969116085393782,5.27465879005197,375.0840359924974,0.5547193563611014,676.1690063476562,bad
"22.jpg",1.462437002732426,7.674193164693008,336.4339394763184,0.5744902762040996,585.6216430664062,bad
"23.jpg",5.8153650256405145,3.2939296554404596,90.89575013555825,0.5705599663392257,159.30972290039062,bad
"25.jpg",5.627789932523344,2.3978421120325755,231.32086207369255,0.6990937611908731,330.8867492675781,bad
"3.jpg",1.4813624305692512,1.7322729430989166,298.04339362762244,0.5692263494069654,523.5938110351562,bad
"30.jpg",3.6778983842070168,5.868202279293701,290.4754067337292,0.49716534412974855,584.26318359375,bad
"32.jpg",1.09090048088225,7.276748044149495,333.02570815931256,0.48439290236360355,687.5115356445312,bad
"33.jpg",1.6992376913009888,11.315547198033782,331.43912235996606,0.5409873602957717,612.6559448242188,bad
"38.jpg",-6.784130438098348,-4.285787763156252,268.8945129213995,0.5207191995815174,516.390625,bad
"39.jpg",-0.30519012111237226,7.147839028708875,351.73102413055165,0.5409968403794099,650.153564453125,bad
"4.jpg",5.04503418169128,18.07135182305945,297.9380518531545,0.48265440621198424,617.2906494140625,bad
"40.jpg",-1.2224342301790814,-4.316348170439257,298.74737905559954,0.5554150192367768,537.88134765625,bad
"41.jpg",-5.959168427764455,-12.556224913071286,201.60327342463748,0.39356825626869474,512.2447509765625,bad
"42.jpg",1.0364204854773065,1.5646774385637814,338.6483109921663,0.5166113759892935,655.5184936523438,bad
"43.jpg",0.963297084237351,3.2786514242197287,314.1325331189892,0.5689512082566996,552.1256103515625,bad
"44.jpg",0.064875672226269,4.566462375520649,357.57287614537563,0.5903278112657471,605.7191772460938,bad
"46.jpg",1.6716768224638157,8.35214591152242,357.7448743007339,0.5652628081238351,632.8823852539062,bad
"47.jpg",2.2296995077212953,14.1903256104974,324.7866792881363,0.5566820672295336,583.4329833984375,bad
"48.jpg",0.5707824159663052,3.335405411492596,238.65753373731232,0.4974591891085876,479.75299072265625,bad
"49.jpg",0.09942383779862796,-1.3705469187149226,298.34851782425295,0.5688591175506625,524.4682006835938,bad
"5.jpg",6.293938126898849,9.847696545188525,205.7449801056083,0.5999898108148786,342.91412353515625,bad
"50.jpg",0.35320104635294425,7.702450282356218,284.7108969215291,0.36497747129422853,780.0780029296875,bad
"52.jpg",1.68388685787082,1.906213684199987,377.0328696484742,0.56057183442096,672.586181640625,bad
"53.jpg",6.1269668520415825,18.065439709637772,332.83461631686123,0.6315612258820347,527.0029296875,bad
"54.jpg",-1.470967744027776,-0.3634991829860679,250.31174486768444,0.4999032007424534,500.7204284667969,bad
"57.jpg",0.5934554908746349,3.3084860159445904,241.75573812307755,0.5497267398213129,439.7743835449219,bad
"58.jpg",-2.4745436849164557,-0.2700999891073432,326.7460261380081,0.5094480433652766,641.3726196289062,bad
"59.jpg",0.7209326970750151,2.167485617164065,384.90515787290605,0.5745835580333307,669.8854370117188,bad
"60.jpg",-1.924471100613347,-2.879549396370102,310.130889582673,0.5730866463955404,541.1588134765625,bad
"61.jpg",-4.500802425253162,-5.509221067522105,255.17531082482756,0.5649949129760514,451.64178466796875,bad
"62.jpg",-3.419208389801083,-8.18248906102716,199.07070776709205,0.3835268514470957,519.0528564453125,bad
"63.jpg",-0.49386079285970036,-6.097600986137196,311.09532929822535,0.5462185991990833,569.5436401367188,bad
"64.jpg",0.35958438999397224,-1.7448330456910013,289.1469182452167,0.5487807913909234,526.8896484375,bad
"65.jpg",4.5100277682160295,3.3630581155867416,160.1322270953355,0.3256032828229146,491.8016357421875,bad
"66.jpg",0.4980881501334174,-4.566587425243288,281.4176793934545,0.46732505837650407,602.1882934570312,bad
"67.jpg",1.9118523494525137,-0.1829280426243019,292.3574922941666,0.5681061327244291,514.6177368164062,bad
"68.jpg",0.8380519579317485,1.1379975427395201,231.41813644147902,0.710139422892866,325.8770446777344,bad
"69.jpg",0.7330759085334935,7.179112736619405,391.99704360308,0.5465951217596412,717.16162109375,bad
"70.jpg",-8.93365570090856,-17.584455913759083,210.05617725500497,0.39038938751016383,538.068359375,bad
"71.jpg",2.259737316875478,3.3781869528588206,246.10416827331022,0.44025357761749423,559.0054931640625,bad
"72.jpg",1.904498645497599,0.2227925273908545,338.5460033359993,0.6318431085299677,535.8070678710938,bad
"73.jpg",-9.896719261787117,-14.115772487887645,116.20156652564413,0.24170389417849766,480.760009765625,bad
"74.jpg",-0.2819418251865806,1.2052396496301274,352.3633953229013,0.49197893295494005,716.2164306640625,bad
"75.jpg",0.8064243026703433,14.969968681829293,367.7392189638258,0.8304509792818406,442.8186950683594,bad
"76.jpg",1.4860297560525062,9.474618121379498,336.93945330894707,0.5441832137663433,619.1654663085938,bad
"77.jpg",-13.655256365683313,-19.171769044636832,153.6446188279832,0.33829185696049985,454.1777038574219,bad
"78.jpg",0.8851230981641314,0.40718581319856106,310.49213428655133,0.49492713648386033,627.3491821289062,bad
"79.jpg",1.1971239883000817,4.686282537884683,365.0809301278225,0.6035081100434765,604.9312744140625,bad
"8.jpg",-0.12644157562882533,6.785006258339921,156.99074669182647,0.6367783481587628,246.53907775878906,bad
"82.jpg",9.090460202484827,23.031520503453976,308.8840011866644,0.5576393422427319,553.91357421875,bad
"83.jpg",-3.8605062555598444,-9.6320856372784,119.39358820134971,0.5562170394396311,214.6528778076172,bad
"84.jpg",-2.1391349658526484,2.6363626330950343,407.36400531742953,0.6086387199919574,669.303466796875,bad
"85.jpg",-6.80559896432339,0.9663233296197341,383.13024591159336,0.6342460352350706,604.0719604492188,bad
"86.jpg",-0.597106354512036,1.6672389442459938,363.21849292974684,0.5387749396816344,674.15625,bad
"87.jpg",3.8512594714764994,4.198080971104988,308.2910967616598,0.6128513710290303,503.0438232421875,bad
"88.jpg",-1.4021630794284223,0.3134365116112166,360.51963607464995,0.5264764163534355,684.7783203125,bad
"89.jpg",-3.9693185506811104,-3.0508769681613286,289.5511045138579,0.5378315793575673,538.3676147460938,bad
"90.jpg",1.716102437402903,4.4478549369803355,369.8356704927375,0.5955315509172467,621.0177612304688,bad
"91.jpg",3.188320900551112,3.7969820702442987,228.7067757921984,0.6618225061507198,345.5711669921875,bad
"92.jpg",1.932322226617204,2.114465479175757,439.547481212739,0.5827300619786103,754.2900390625,bad
"93.jpg",3.375897700180185,4.254528183914676,215.9654054501418,0.5649610753130543,382.2659912109375,bad
"94.jpg",-2.471007239706416,-3.616016161771408,141.79119865902348,0.7126152469262799,198.97300720214844,bad
"95.jpg",5.513731403708409,15.102829531177324,267.7549361086817,0.5173893705657192,517.511474609375,bad
"96.jpg",,,,,,bad
"97.jpg",0.8360152521191848,0.014379750987838521,319.8447804015713,0.549271102482823,582.3076782226562,bad
"98.jpg",-0.8392546487406881,-2.698338839395546,338.69183935314095,0.5443883757606313,622.151123046875,bad
"99.jpg",-0.7608584351414499,-2.77026986717093,336.87240204674475,0.5720315003571873,588.9053344726562,bad
"1.jpg",0.05123615269305071,-2.1295818197940815,141.61187700498752,0.501458986527884,282.39971923828125,good
"10.jpg",3.635517888959452,7.189658289028989,220.63855980134602,0.5857324574025133,376.68829345703125,good
"15.jpg",-3.8866403261869964,3.0676966818855482,183.44102403945166,0.5809923886870763,315.7373962402344,good
"17.jpg",-160.59347947901134,-23.092518717049206,79.4539920117919,0.5282877586309367,150.39907836914062,good
"18.jpg",-10.95192346170605,-18.397101220842945,137.74578158744194,0.9000495964685393,153.0424346923828,good
"19.jpg",-2.3371290358261754,-10.257922769247354,191.67791068079632,0.560163167548693,342.1822814941406,good
"20.jpg",-6.078611901594156,-9.656210504810126,179.72922291794703,0.5112394641300754,351.55584716796875,good
"22.jpg",-4.384504386169804,9.183780649118688,166.92440813955534,0.5828160150158384,286.4101257324219,good
"23.jpg",,,,,,good
"32.jpg",9.47039126476221,0.3037114920254481,255.14570920915577,0.5710477402047832,446.8027648925781,good
"39.jpg",1.4648940079549515,4.474536862158686,192.74196578153328,0.5503842926918806,350.19525146484375,good
"4.jpg",,,,,,good
"40.jpg",-2.165689174085833,-0.3748210716320491,117.97926909288957,0.6407364712526396,184.13072204589844,good
"41.jpg",5.4923246516169595,6.010159020962888,252.5083043750024,0.7128339365310018,354.2315979003906,good
"43.jpg",-3.3723875542558495,-10.199582525323986,154.24053805014566,0.4762914135045869,323.83648681640625,good
"44.jpg",-5.006334535481349,0.43102572357658886,161.74684678268616,0.42497134718984153,380.6064758300781,good
"46.jpg",-2.596796800884216,2.226243014905795,156.00839107398684,0.45083515669728047,346.0430908203125,good
"47.jpg",,,,,,good
"48.jpg",-3.7154710219997056,-1.4902133088648088,154.83815947139334,0.6146012570009145,251.93270874023438,good
"49.jpg",-3.542211784164622,1.419964227173154,118.1539026756891,0.6865605621054218,172.0953826904297,good
"5.jpg",-1.051914651115559,1.3374446936028623,93.30086183164886,0.7024083672145236,132.82994079589844,good
"52.jpg",-2.4801087503537937,3.8638515244649017,99.24409889687611,0.5188475554489707,191.2779541015625,good
"53.jpg",-6.83513476284912,13.112593287769739,75.17116843223702,0.9516889199990506,78.98712158203125,good
"54.jpg",1.2191982098795864,7.073363058447793,102.33630773775113,0.5834744679950705,175.3912353515625,good
"62.jpg",0.6912863538111179,5.14827262138024,108.9199193832915,0.5929524163423057,183.69082641601562,good
"65.jpg",1.0794133741824736,0.1258591874748579,111.94150923894401,0.6443258483847704,173.73431396484375,good
"68.jpg",0.10759199785502208,5.986666960953409,162.17284130344936,0.56977025584718,284.62847900390625,good
"69.jpg",1.6671482678550935,6.369344920867792,119.81222337918095,0.5399148371373014,221.90948486328125,good
"70.jpg",0.11082510610370881,0.24281880482366067,130.60651665866067,0.5147744521401002,253.71600341796875,good
"72.jpg",0.47346494806492323,4.229427563842139,128.87228089995318,0.49197474848729916,261.948974609375,good
"76.jpg",1.7022968298667134,-3.2491080546728854,177.32941221640812,0.5955047174759247,297.780029296875,good
"77.jpg",4.434291668187201,-2.322817195426286,150.82144825510352,0.6929961397333181,217.63677978515625,good
"78.jpg",3.3213682706771617,-4.495071458686571,141.00040195042712,0.696484538201171,202.4458465576172,good
"79.jpg",-0.4219824137942817,-6.491988307016603,125.29103319768197,0.5761555374287108,217.46043395996094,good
"82.jpg",-1.25268481090415,-2.8988626975400167,147.9485196653794,0.6444709228174827,229.56585693359375,good
"83.jpg",-3.3924413525310353,-2.5665922020545953,139.3225014368103,0.5394105095662037,258.2865905761719,good
"84.jpg",-2.0204636643335045,-1.6048048852254424,137.9981133856315,0.5620746678979455,245.515625,good
"85.jpg",-1.6354663094542716,-1.515978722162752,128.49902601861467,0.6554588858714059,196.04437255859375,good
"86.jpg",5.875022505913744,8.64269507217975,115.09809245193716,0.5887701323468099,195.489013671875,good
"87.jpg",2.3402720711974747,3.8351282180469375,113.81830563491432,0.7416983458434412,153.45632934570312,good
"90.jpg",1.124054699176982,-1.136612830450666,353.14504221776,0.7037766944242803,501.78564453125,good
"13.jpg",-4.170253571689758,-4.0010521370630245,170.15867749097507,0.5310617916492905,320.4122009277344,bad
"16.jpg",-15.507343389021736,-3.2807785131174616,312.8383276134364,0.8856830739049761,353.2170104980469,bad
"2.jpg",-2.3383641623632956,-11.537950957061057,125.97092368468705,0.41526927638401623,303.3475646972656,bad
"21.jpg",,,,,,bad
"24.jpg",-9.207402278449027,-16.023412684552618,143.861123996784,0.5921634265193202,242.94158935546875,bad
"26.jpg",0.668403578474286,5.884896020242266,279.47109464911597,0.6093844887526946,458.6120910644531,bad
"27.jpg",-7.980164301959183,36.10827120049558,205.4145469186998,0.48249877375295946,425.730712890625,bad
"28.jpg",-0.10873410971133066,8.019387856195808,271.0566086379275,0.5476973973993517,494.9021301269531,bad
"29.jpg",-4.611811733229478,-3.6460240507081205,210.8196733309854,0.43020323740162786,490.04669189453125,bad
"3.jpg",-3.037825237299879,-1.5277540200001185,265.9839887379685,0.5112430384337655,520.2691650390625,bad
"31.jpg",5.155095822515429,10.946213307815597,200.15792125433435,0.5162426636094062,387.7206115722656,bad
"34.jpg",,,,,,bad
"35.jpg",-0.5058834686112371,-4.572207975835004,220.62101158763605,0.5019750967195438,439.5058898925781,bad
"36.jpg",1.9895982389004936,-0.43241531141105227,172.03260533964786,0.4594111015137371,374.46331787109375,bad
"37.jpg",-1.989963178094978,4.96189390721477,159.1604602984045,0.6084331796501785,261.5906982421875,bad
"45.jpg",5.2169808401373325,8.94683591264859,173.70137602698887,0.5648728812877911,307.5052490234375,bad
"51.jpg",,,,,,bad
"55.jpg",0.06694048001352243,-3.4130628112728107,46.505071090721216,0.5022979064140736,92.58464050292969,bad
"56.jpg",1.1097915040019621,0.5857525315719518,70.82394483251497,0.4851057031490414,145.99693298339844,bad
"58.jpg",-24.172881342341594,-11.197985084592213,76.95306425196236,0.8021954803961424,95.92807006835938,bad
"59.jpg",-21.279976607044492,-11.37915673320815,66.79615235960699,0.5291645189319798,126.22946166992188,bad
"6.jpg",-4.765911700284007,-3.0737185078283247,183.1447200711851,0.5622701276306933,325.7237243652344,bad
"61.jpg",5.528809160382921,2.883036715839277,87.76428272796261,0.5113518645345692,171.6318817138672,bad
"66.jpg",-2.398761728944428,-5.045121763165585,116.69344728040355,0.595476348653114,195.966552734375,bad
"67.jpg",-5.578369811458665,-18.002225608499796,77.32476402321649,0.4927170785018761,156.9354248046875,bad
"7.jpg",-2.0474842057405263,-3.0255344175757277,110.44754423153219,0.5782846182905491,190.99166870117188,bad
"74.jpg",2.8760485239556943,0.021726624038147763,90.5111033788524,0.3821061526235842,236.87423706054688,bad
"80.jpg",6.2270885859463485,4.057415649959357,128.31497653336254,0.5109180218243081,251.1459197998047,bad
"81.jpg",0.41998988374991103,-0.3204952060923259,112.77975800366012,0.6177375653865863,182.5690460205078,bad
"88.jpg",-1.62582791278348,0.2783162488772416,144.26388434301052,0.5648565797030379,255.39913940429688,bad
"89.jpg",0.5656188473391315,6.192969040750618,155.6894243947762,0.6276815729553307,248.0388641357422,bad
"9.jpg",-6.823536358824576,-13.31012986994302,194.92702031604134,0.6686553769546775,291.5209045410156,bad
